﻿Designator,Footprint,Quantity,Value,LCSC Part #
BT1,TestPoint_2Pads_Pitch5.08mm_Drill1.3mm,1,Battery_Cell,
"C1, C2, C3, C4, C9",C_Disc_D5.0mm_W2.5mm_P2.50mm,5,Tiny,
C5,C_Disc_D5.0mm_W2.5mm_P2.50mm,1,0.1uF,
"C6, C7, C8",0805,3,10uF,
D66,0603,1,LED,
L1,NR3015T2R2M,1,2.2uH,
R1,R_Axial_DIN0207_L6.3mm_D2.5mm_P10.16mm_Horizontal,1,10,
"R10, R3, R4, R5, R6, R7, R8",R_Axial_DIN0207_L6.3mm_D2.5mm_P10.16mm_Horizontal,7,10k,
R2,R_Axial_DIN0207_L6.3mm_D2.5mm_P10.16mm_Horizontal,1,100,
R9,R_Axial_DIN0207_L6.3mm_D2.5mm_P10.16mm_Horizontal,1,470Ω,
"SW2, SW3",SW_PUSH_6mm,2,SW_Push,
SW4,SW_DIP_SPSTx01_Slide_9.78x4.72mm_W7.62mm_P2.54mm,1,SW_DIP_x01,
U1,ST7735,1,~,
U2,WEMOS_C1_mini,1,~,
U3,TP4056,1,~,
U4,SOT-583-8,1,TPS2116DRL,
U5,Texas_DRC0010J_ThermalVias,1,TPS63001,
